{
  "best_weights": {
    "yolov11": 0.4,
    "yolov5": 0.0,
    "yolov8": 0.6
  },
  "best_score": 0.5226378910559155,
  "best_metrics": {
    "mAP50": 0.5226378910559155,
    "mAP50_95": 0.4150742477761174,
    "per_class_AP": {
      "IC": 0.6261317443129061,
      "Capacitor": 0.09090909090909091,
      "Connector": 0.6576016380925742,
      "Electrolytic Capacitor": 0.715909090909091
    },
    "precision": 0.651997335255146,
    "recall": 0.5651517184451222,
    "f1": 0.6054762369832586,
    "total_tp": 783,
    "total_fp": 517,
    "total_fn": 2097,
    "conf_threshold": 0.41312650591135025
  },
  "search_time_s": 117.28812599182129,
  "num_combinations": 66,
  "top_10": [
    {
      "weights": {
        "yolov11": 0.4,
        "yolov5": 0.0,
        "yolov8": 0.6
      },
      "metrics": {
        "mAP50": 0.5226378910559155,
        "mAP50_95": 0.4150742477761174,
        "per_class_AP": {
          "IC": 0.6261317443129061,
          "Capacitor": 0.09090909090909091,
          "Connector": 0.6576016380925742,
          "Electrolytic Capacitor": 0.715909090909091
        },
        "precision": 0.651997335255146,
        "recall": 0.5651517184451222,
        "f1": 0.6054762369832586,
        "total_tp": 783,
        "total_fp": 517,
        "total_fn": 2097,
        "conf_threshold": 0.41312650591135025
      }
    },
    {
      "weights": {
        "yolov11": 0.5,
        "yolov5": 0.0,
        "yolov8": 0.5
      },
      "metrics": {
        "mAP50": 0.5222209829725546,
        "mAP50_95": 0.4176801048516864,
        "per_class_AP": {
          "IC": 0.624707910480811,
          "Capacitor": 0.09090909090909091,
          "Connector": 0.6573578395912256,
          "Electrolytic Capacitor": 0.715909090909091
        },
        "precision": 0.6578447744250298,
        "recall": 0.5635058172047138,
        "f1": 0.6070318543205091,
        "total_tp": 779,
        "total_fp": 518,
        "total_fn": 2101,
        "conf_threshold": 0.42830754816532135
      }
    },
    {
      "weights": {
        "yolov11": 0.6,
        "yolov5": 0.0,
        "yolov8": 0.4
      },
      "metrics": {
        "mAP50": 0.5221951126265971,
        "mAP50_95": 0.417107055051951,
        "per_class_AP": {
          "IC": 0.6230469609707957,
          "Capacitor": 0.09090909090909091,
          "Connector": 0.6589153077174108,
          "Electrolytic Capacitor": 0.715909090909091
        },
        "precision": 0.6527899727225304,
        "recall": 0.5677770245820284,
        "f1": 0.6073229068258987,
        "total_tp": 778,
        "total_fp": 507,
        "total_fn": 2102,
        "conf_threshold": 0.413049079477787
      }
    },
    {
      "weights": {
        "yolov11": 0.5,
        "yolov5": 0.1,
        "yolov8": 0.4
      },
      "metrics": {
        "mAP50": 0.5221084278359802,
        "mAP50_95": 0.4176005362390356,
        "per_class_AP": {
          "IC": 0.6255011648362816,
          "Capacitor": 0.09090909090909091,
          "Connector": 0.6674780010530935,
          "Electrolytic Capacitor": 0.7045454545454547
        },
        "precision": 0.6623245924711227,
        "recall": 0.5622019749134779,
        "f1": 0.6081700533722733,
        "total_tp": 774,
        "total_fp": 499,
        "total_fn": 2106,
        "conf_threshold": 0.42014171928167343
      }
    },
    {
      "weights": {
        "yolov11": 0.4,
        "yolov5": 0.2,
        "yolov8": 0.4
      },
      "metrics": {
        "mAP50": 0.5219009405798328,
        "mAP50_95": 0.420595845950707,
        "per_class_AP": {
          "IC": 0.6246935812175295,
          "Capacitor": 0.09090909090909091,
          "Connector": 0.6674556356472563,
          "Electrolytic Capacitor": 0.7045454545454547
        },
        "precision": 0.6621625572443008,
        "recall": 0.5576061187312007,
        "f1": 0.6054031404255159,
        "total_tp": 773,
        "total_fp": 497,
        "total_fn": 2107,
        "conf_threshold": 0.40814366191625595
      }
    },
    {
      "weights": {
        "yolov11": 0.6,
        "yolov5": 0.1,
        "yolov8": 0.3
      },
      "metrics": {
        "mAP50": 0.5217467010989034,
        "mAP50_95": 0.41675605248646086,
        "per_class_AP": {
          "IC": 0.6230373954520894,
          "Capacitor": 0.09090909090909091,
          "Connector": 0.6684948634889787,
          "Electrolytic Capacitor": 0.7045454545454547
        },
        "precision": 0.6557614132761955,
        "recall": 0.5638158428482711,
        "f1": 0.60632267792301,
        "total_tp": 769,
        "total_fp": 483,
        "total_fn": 2111,
        "conf_threshold": 0.40771543979644775
      }
    },
    {
      "weights": {
        "yolov11": 0.7,
        "yolov5": 0.0,
        "yolov8": 0.3
      },
      "metrics": {
        "mAP50": 0.5215592991920044,
        "mAP50_95": 0.4137560916596795,
        "per_class_AP": {
          "IC": 0.619434394265034,
          "Capacitor": 0.09090909090909091,
          "Connector": 0.6599846206848017,
          "Electrolytic Capacitor": 0.715909090909091
        },
        "precision": 0.6512116715312004,
        "recall": 0.5595429446548223,
        "f1": 0.6019070939906664,
        "total_tp": 766,
        "total_fp": 499,
        "total_fn": 2114,
        "conf_threshold": 0.41496483236551285
      }
    },
    {
      "weights": {
        "yolov11": 0.5,
        "yolov5": 0.2,
        "yolov8": 0.3
      },
      "metrics": {
        "mAP50": 0.5215131236112175,
        "mAP50_95": 0.41867443325734166,
        "per_class_AP": {
          "IC": 0.6234324294523239,
          "Capacitor": 0.09090909090909091,
          "Connector": 0.6671655195380004,
          "Electrolytic Capacitor": 0.7045454545454547
        },
        "precision": 0.6584124639630318,
        "recall": 0.5602140305563807,
        "f1": 0.6053567715196464,
        "total_tp": 766,
        "total_fp": 471,
        "total_fn": 2114,
        "conf_threshold": 0.39849933981895447
      }
    },
    {
      "weights": {
        "yolov11": 0.4,
        "yolov5": 0.1,
        "yolov8": 0.5
      },
      "metrics": {
        "mAP50": 0.5214124910466933,
        "mAP50_95": 0.41674223583855596,
        "per_class_AP": {
          "IC": 0.6259595422408801,
          "Capacitor": 0.09090909090909091,
          "Connector": 0.6642358764913473,
          "Electrolytic Capacitor": 0.7045454545454547
        },
        "precision": 0.6557809263467789,
        "recall": 0.5622522323392332,
        "f1": 0.6054257014837391,
        "total_tp": 777,
        "total_fp": 503,
        "total_fn": 2103,
        "conf_threshold": 0.4182095006108284
      }
    },
    {
      "weights": {
        "yolov11": 0.8,
        "yolov5": 0.0,
        "yolov8": 0.2
      },
      "metrics": {
        "mAP50": 0.5213506003002932,
        "mAP50_95": 0.4096489012320628,
        "per_class_AP": {
          "IC": 0.6172376994890403,
          "Capacitor": 0.09090909090909091,
          "Connector": 0.6613465198939507,
          "Electrolytic Capacitor": 0.715909090909091
        },
        "precision": 0.6600547656416893,
        "recall": 0.5505439443513751,
        "f1": 0.600346177746018,
        "total_tp": 754,
        "total_fp": 497,
        "total_fn": 2126,
        "conf_threshold": 0.4321963042020798
      }
    }
  ]
}