{
  "performance_based": {
    "mAP50": 0.5183748637192789,
    "mAP50_95": 0.41623746691376134,
    "per_class_AP": {
      "IC": 0.6190339052964992,
      "Capacitor": 0.09090909090909091,
      "Connector": 0.6694727645878311,
      "Electrolytic Capacitor": 0.6940836940836942
    },
    "precision": 0.6277692466974258,
    "recall": 0.5655286638066173,
    "f1": 0.5950257687348545,
    "total_tp": 765,
    "total_fp": 471,
    "total_fn": 2115,
    "conf_threshold": 0.3766690716147423
  },
  "moderate_decay": {
    "mAP50": 0.5180310764116424,
    "mAP50_95": 0.4140096988551081,
    "per_class_AP": {
      "IC": 0.6185020206133343,
      "Capacitor": 0.09090909090909091,
      "Connector": 0.6723509248145064,
      "Electrolytic Capacitor": 0.6903622693096378
    },
    "precision": 0.6161801367998123,
    "recall": 0.5673066307790577,
    "f1": 0.590734238754528,
    "total_tp": 760,
    "total_fp": 465,
    "total_fn": 2120,
    "conf_threshold": 0.3704817146062851
  },
  "equal": {
    "mAP50": 0.51863792654837,
    "mAP50_95": 0.41561349776246787,
    "per_class_AP": {
      "IC": 0.6199610572356987,
      "Capacitor": 0.09090909090909091,
      "Connector": 0.670786218094527,
      "Electrolytic Capacitor": 0.6928953399541635
    },
    "precision": 0.6265041083097458,
    "recall": 0.5604918571189046,
    "f1": 0.5916624173736675,
    "total_tp": 761,
    "total_fp": 485,
    "total_fn": 2119,
    "conf_threshold": 0.38112258166074753
  }
}