{
  "yolov5": {
    "precision": 0.5630155312333676,
    "recall": 0.5356285708793653,
    "f1_score": 0.5489807004788732,
    "mAP50": 0.5478078056987832,
    "mAP50_95": 0.37199657968790756,
    "inference_time_ms": 58.35305790909072,
    "inference_time_std": 17.435391016298805,
    "fps": 17.137062492216227,
    "per_class_AP50": {
      "IC": 0.6185734922165822,
      "Capacitor": 0.0831316671877352,
      "Connector": 0.5848030795263732,
      "Electrolytic_Capacitor": 0.9047229838644422
    }
  },
  "yolov8": {
    "precision": 0.6101708937658684,
    "recall": 0.5262068873089087,
    "f1_score": 0.5650869492209908,
    "mAP50": 0.5443622549617704,
    "mAP50_95": 0.3672079486897199,
    "inference_time_ms": 60.90207467532445,
    "inference_time_std": 18.7930590377509,
    "fps": 16.41980187589845,
    "per_class_AP50": {
      "IC": 0.6381972954804186,
      "Capacitor": 0.07028925893970722,
      "Connector": 0.6164297128497769,
      "Electrolytic_Capacitor": 0.8525327525771788
    }
  },
  "yolov9": {
    "precision": 0.6277110705387077,
    "recall": 0.5185200020641583,
    "f1_score": 0.567914713483247,
    "mAP50": 0.5412790278863326,
    "mAP50_95": 0.36812212038855663,
    "inference_time_ms": 84.0320660779219,
    "inference_time_std": 23.434317848407936,
    "fps": 11.900219126740408,
    "per_class_AP50": {
      "IC": 0.6392181888586506,
      "Capacitor": 0.07067911441818446,
      "Connector": 0.5890444902928225,
      "Electrolytic_Capacitor": 0.8661743179756733
    }
  },
  "yolov10": {
    "precision": 0.5807068149214152,
    "recall": 0.49204950475368486,
    "f1_score": 0.5327146444137687,
    "mAP50": 0.5210339192705465,
    "mAP50_95": 0.3546426801722259,
    "inference_time_ms": 115.21976027272696,
    "inference_time_std": 19.490648564221516,
    "fps": 8.679066833961333,
    "per_class_AP50": {
      "IC": 0.6386299152171677,
      "Capacitor": 0.06674248756530721,
      "Connector": 0.5236206086391331,
      "Electrolytic_Capacitor": 0.8551426656605781
    }
  },
  "yolov11": {
    "precision": 0.6524765992004155,
    "recall": 0.5165914630483606,
    "f1_score": 0.5766368133218828,
    "mAP50": 0.5512326383801621,
    "mAP50_95": 0.37212446579608294,
    "inference_time_ms": 63.33796424675359,
    "inference_time_std": 21.5197220175369,
    "fps": 15.78831924727128,
    "per_class_AP50": {
      "IC": 0.6553436533864213,
      "Capacitor": 0.08470176891719511,
      "Connector": 0.5764096337338777,
      "Electrolytic_Capacitor": 0.8884754974831542
    }
  },
  "yolov12": {
    "precision": 0.6002426824551617,
    "recall": 0.5011971318083734,
    "f1_score": 0.5462666356157543,
    "mAP50": 0.5252926740017689,
    "mAP50_95": 0.3649720231312455,
    "inference_time_ms": 120.30318075324826,
    "inference_time_std": 43.80531673883275,
    "fps": 8.312332173918847,
    "per_class_AP50": {
      "IC": 0.6269398174621028,
      "Capacitor": 0.0871872254490228,
      "Connector": 0.547548766070374,
      "Electrolytic_Capacitor": 0.8394948870255765
    }
  }
}