{
  "top_2": {
    "models": [
      "yolov11",
      "yolov5"
    ],
    "precision": 0.49553433939020636,
    "recall": 0.29064306358381503,
    "f1_score": 0.3663896163042241,
    "mAP50": 0.5417117089582744,
    "inference_time_ms": 139.40164120779204,
    "fusion_time_ms": 17.710619051947724,
    "fps": 7.173516691309254,
    "per_class_AP50": {
      "IC": 0.6498884230205022,
      "Capacitor": 0.05914001234492703,
      "Connector": 0.5732523358397871,
      "Electrolytic_Capacitor": 0.8845660646278813
    }
  },
  "top_3": {
    "models": [
      "yolov11",
      "yolov5",
      "yolov8"
    ],
    "precision": 0.5155798265338901,
    "recall": 0.2899205202312139,
    "f1_score": 0.37114117238987165,
    "mAP50": 0.5509819245260805,
    "inference_time_ms": 185.1787818571435,
    "fusion_time_ms": 2.585685025974714,
    "fps": 5.400186727502354,
    "per_class_AP50": {
      "IC": 0.6593685956167193,
      "Capacitor": 0.05849355640772963,
      "Connector": 0.6046375938065353,
      "Electrolytic_Capacitor": 0.8814279522733378
    }
  },
  "top_4": {
    "models": [
      "yolov11",
      "yolov5",
      "yolov8",
      "yolov9"
    ],
    "precision": 0.4946300715990454,
    "recall": 0.2994942196531792,
    "f1_score": 0.37308730873087304,
    "mAP50": 0.5536362967315096,
    "inference_time_ms": 268.5857511298682,
    "fusion_time_ms": 1.9605882207775431,
    "fps": 3.723205701692172,
    "per_class_AP50": {
      "IC": 0.665224128616754,
      "Capacitor": 0.05795837818292234,
      "Connector": 0.6072225320915108,
      "Electrolytic_Capacitor": 0.8841401480348515
    }
  },
  "top_6": {
    "models": [
      "yolov11",
      "yolov5",
      "yolov8",
      "yolov9",
      "yolov12",
      "yolov10"
    ],
    "precision": 0.49455864570737607,
    "recall": 0.29552023121387283,
    "f1_score": 0.3699683401175939,
    "mAP50": 0.5559734665572338,
    "inference_time_ms": 506.0006001558439,
    "fusion_time_ms": 3.852496220778088,
    "fps": 1.9762822409538812,
    "per_class_AP50": {
      "IC": 0.6629730749452877,
      "Capacitor": 0.05523831492391849,
      "Connector": 0.6212887701190863,
      "Electrolytic_Capacitor": 0.8843937062406424
    }
  }
}